Scenario Name,Mode,Feedback ID,Collective,Source Port,Created Tick,Root Tick,Update Tick,First Applied Tick,Last Applied Tick,Rate,Status
A__rack-compact__profile-4__seed-1__payload-100__capacity-10__buffer-8__policy-adaptive-advisor-overdrive,oracle,,,,2,,,,,3.3333333333333335|0|0|0,queue
A__rack-compact__profile-4__seed-1__payload-100__capacity-10__buffer-8__policy-adaptive-advisor-overdrive,oracle,,,,3,,,,,3.3333333333333335|0|0|0,queue
A__rack-compact__profile-4__seed-1__payload-100__capacity-10__buffer-8__policy-adaptive-advisor-overdrive,oracle,,,,4,,,,,3.3333333333333335|0|0|0,drop
A__rack-compact__profile-4__seed-1__payload-100__capacity-10__buffer-8__policy-adaptive-advisor-overdrive,oracle,,,,5,,,,,3.3333333333333335|0|0|0,drop
A__rack-compact__profile-4__seed-1__payload-100__capacity-10__buffer-8__policy-adaptive-advisor-overdrive,oracle,,,,6,,,,,3.3333333333333335|0|0|0,drop
A__rack-compact__profile-4__seed-1__payload-100__capacity-10__buffer-8__policy-adaptive-advisor-overdrive,oracle,,,,7,,,,,3.3333333333333335|0|0|0,drop
A__rack-compact__profile-4__seed-1__payload-100__capacity-10__buffer-8__policy-adaptive-advisor-overdrive,oracle,,,,8,,,,,3.3333333333333335|0|0|0,drop
A__rack-compact__profile-4__seed-1__payload-100__capacity-10__buffer-8__policy-adaptive-advisor-overdrive,oracle,,,,9,,,,,3.3333333333333335|0|0|0,drop
A__rack-compact__profile-4__seed-1__payload-100__capacity-10__buffer-8__policy-adaptive-advisor-overdrive,oracle,,,,10,,,,,3.3333333333333335|0|0|0,drop
A__rack-compact__profile-4__seed-1__payload-100__capacity-10__buffer-8__policy-adaptive-advisor-overdrive,oracle,,,,11,,,,,3.3333333333333335|0|0|0,drop
A__rack-compact__profile-4__seed-1__payload-100__capacity-10__buffer-8__policy-adaptive-advisor-overdrive,oracle,,,,12,,,,,3.3333333333333335|0|0|0,drop
A__rack-compact__profile-4__seed-1__payload-100__capacity-10__buffer-8__policy-adaptive-advisor-overdrive,oracle,,,,13,,,,,3.3333333333333335|0|0|0,drop
A__rack-compact__profile-4__seed-1__payload-100__capacity-10__buffer-8__policy-adaptive-advisor-overdrive,oracle,,,,14,,,,,3.3333333333333335|0|0|0,drop
A__rack-compact__profile-4__seed-1__payload-100__capacity-10__buffer-8__policy-adaptive-advisor-overdrive,oracle,,,,15,,,,,3.3333333333333335|0|0|0,drop
A__rack-compact__profile-4__seed-1__payload-100__capacity-10__buffer-8__policy-adaptive-advisor-overdrive,oracle,,,,16,,,,,3.3333333333333335|0|0|0,drop
A__rack-compact__profile-4__seed-1__payload-100__capacity-10__buffer-8__policy-adaptive-advisor-overdrive,oracle,,,,17,,,,,3.3333333333333335|0|0|0,drop
A__rack-compact__profile-4__seed-1__payload-100__capacity-10__buffer-8__policy-adaptive-advisor-overdrive,oracle,,,,18,,,,,3.3333333333333335|0|0|0,drop
A__rack-compact__profile-4__seed-1__payload-100__capacity-10__buffer-8__policy-adaptive-advisor-overdrive,oracle,,,,19,,,,,3.3333333333333335|0|0|0,drop
A__rack-compact__profile-4__seed-1__payload-100__capacity-10__buffer-8__policy-adaptive-advisor-overdrive,oracle,,,,20,,,,,3.3333333333333335|0|0|0,drop
A__rack-compact__profile-4__seed-1__payload-100__capacity-10__buffer-8__policy-adaptive-advisor-overdrive,oracle,,,,21,,,,,3.3333333333333335|0|0|0,drop
A__rack-compact__profile-4__seed-1__payload-100__capacity-10__buffer-8__policy-adaptive-advisor-overdrive,oracle,,,,22,,,,,3.3333333333333335|0|0|0,drop
A__rack-compact__profile-4__seed-1__payload-100__capacity-10__buffer-8__policy-adaptive-advisor-overdrive,oracle,,,,23,,,,,3.3333333333333335|0|0|0,drop
A__rack-compact__profile-4__seed-1__payload-100__capacity-10__buffer-8__policy-adaptive-advisor-overdrive,oracle,,,,24,,,,,3.3333333333333335|0|0|0,drop
A__rack-compact__profile-4__seed-1__payload-100__capacity-10__buffer-8__policy-adaptive-advisor-overdrive,oracle,,,,25,,,,,3.3333333333333335|0|0|0,drop
A__rack-compact__profile-4__seed-1__payload-100__capacity-10__buffer-8__policy-adaptive-advisor-overdrive,oracle,,,,26,,,,,3.3333333333333335|0|0|0,drop
A__rack-compact__profile-4__seed-1__payload-100__capacity-10__buffer-8__policy-adaptive-advisor-overdrive,oracle,,,,27,,,,,3.3333333333333335|0|0|0,drop
A__rack-compact__profile-4__seed-1__payload-100__capacity-10__buffer-8__policy-adaptive-advisor-overdrive,oracle,,,,28,,,,,3.3333333333333335|0|0|0,drop
A__rack-compact__profile-4__seed-1__payload-100__capacity-10__buffer-8__policy-adaptive-advisor-overdrive,oracle,,,,29,,,,,3.3333333333333335|0|0|0,drop
A__rack-compact__profile-4__seed-1__payload-100__capacity-10__buffer-8__policy-adaptive-advisor-overdrive,oracle,,,,30,,,,,3.3333333333333335|0|0|0,drop
A__rack-compact__profile-4__seed-1__payload-100__capacity-10__buffer-8__policy-adaptive-advisor-overdrive,oracle,,,,31,,,,,3.3333333333333335|0|0|0,drop
A__rack-compact__profile-4__seed-1__payload-100__capacity-10__buffer-8__policy-adaptive-advisor-overdrive,oracle,,,,32,,,,,3.3333333333333335|0|0|0,queue
A__rack-compact__profile-4__seed-1__payload-100__capacity-10__buffer-8__policy-adaptive-advisor-overdrive,oracle,,,,33,,,,,3.3333333333333335|0|0|0,queue
A__rack-compact__profile-4__seed-1__payload-100__capacity-10__buffer-8__policy-adaptive-advisor-overdrive,oracle,,,,34,,,,,3.3333333333333335|0|0|0,queue
A__rack-compact__profile-4__seed-1__payload-100__capacity-10__buffer-8__policy-adaptive-advisor-overdrive,oracle,,,,35,,,,,3.3333333333333335|0|0|0,queue
A__rack-compact__profile-4__seed-1__payload-100__capacity-10__buffer-8__policy-adaptive-advisor-overdrive,oracle,,,,36,,,,,3.3333333333333335|0|0|0,queue
A__rack-compact__profile-4__seed-1__payload-100__capacity-10__buffer-8__policy-adaptive-advisor-overdrive,oracle,,,,37,,,,,3.3333333333333335|0|0|0,queue
A__rack-compact__profile-4__seed-1__payload-100__capacity-10__buffer-8__policy-adaptive-advisor-overdrive,oracle,,,,38,,,,,3.3333333333333335|0|0|0,queue
A__rack-compact__profile-4__seed-1__payload-100__capacity-10__buffer-8__policy-adaptive-advisor-overdrive,oracle,,,,39,,,,,3.3333333333333335|0|0|0,queue
A__rack-compact__profile-4__seed-1__payload-100__capacity-10__buffer-8__policy-adaptive-advisor-overdrive,oracle,,,,40,,,,,3.3333333333333335|0|0|0,queue
